id,name,gender,age,job,isFake,difficulty,pfp,pfp_scale,li_headline,li_company,li_location,li_experience,li_education,li_mutuals,li_bio,email_subject,email_sender_name,email_sender_address,email_body,text_sender_display,text_body,text_link,approve_label,deny_label
1,Daniel Ross,Male,23,Network Administrator,false,1,p1.svg,1,Network Administrator | Open to new opportunities,BlueRiver Technologies,"Austin, TX",Network Administrator at BlueRiver Technologies (2022-Present)|IT Intern at Lincoln Technical Institute (2021-2022),Lincoln Technical Institute,12,"Network admin keeping a roster of small-business clients online and out of trouble. I got into this because I liked taking things apart, and somehow that turned into a career putting networks back together. Most weekends I'm elbow-deep in my home lab rebuilding a router nobody asked me to touch. Ask me anything about VLANs, firewalls, or why your office Wi-Fi hates that one conference room.",Application – Network Administrator role,Daniel Ross,daniel.ross23@gmail.com,"Hi,\nMy name's Daniel Ross – I've spent the last two years as a network administrator at BlueRiver Technologies, mostly keeping small-business networks stable and quiet. I'd love to bring that to your infrastructure team. Resume and a couple of certs are attached, and I'm glad to walk through any of it.\nThanks for your time,\nDaniel",Daniel Ross,"Hi, this is Daniel Ross — applied for the network admin role yesterday. Just making sure the email landed on your end. No rush at all, thanks!",,,
2,Atticus Barns,Male,19,IT Support Specialist,false,1,p2.svg,1,IT Support Specialist | Recent Grad,Riverbend College,"Tampa, FL",Help Desk Associate at Riverbend College IT Dept (2023-Present),Riverbend College (in progress),4,"Help desk by day, student by night. I'm finishing my associate's at Riverbend while running support shifts for campus IT, somewhere between 'have you tried restarting it' and the deeper stuff I'm teaching myself. The goal is to grow into full systems administration. If you've ever stood at a help desk counter, I'm the one who actually wants to fix it.",IT Support Specialist – application (Atticus Barns),Atticus Barns,atticus.barns19@gmail.com,"Hello,\nI'm Atticus – I run help desk shifts for Riverbend's IT department while I finish my associate's. I know I'm early in my career, but I'm a fast learner and I genuinely like this work. Resume's attached. Thanks for considering me!\nAtticus",Atticus Barns,"hey, it's Atticus — just applied for the IT support role! first time applying somewhere like this so apologies if i'm overeager lol. let me know if you need anything from me",,,
3,Emma Brown,Female,45,Senior Accountant,false,1,p3.svg,1,"Senior Accountant, CPA",Sunrise Financial Group,"Columbus, OH",Senior Accountant at Sunrise Financial Group (2015-Present)|Staff Accountant at Hartman & Co. (2009-2015),"Whitfield University, B.S. Accounting",31,"CPA and senior accountant at Sunrise Financial Group. Nine years closing the books here, and I'll quietly admit I'm proud we've never filed late on my watch. I like the parts of accounting other people dread, the reconciliations and the month-end and the moment everything finally ties out. Numbers are tidy; the rest of life, less so.",Following up – Senior Accountant application,Emma Brown,emma.brown.cpa@gmail.com,"Hi,\nI wanted to follow up on my application for the Senior Accountant position. I've spent the last nine years closing the books at Sunrise Financial Group, never once late, and would welcome the chance to do the same for your team. My CPA license and references are attached.\nThank you for your time,\nEmma Brown",Emma Brown,"Hi, this is Emma Brown. Just confirming our call is still set for Tuesday at 1:00 — happy to move it if something's come up on your end. Looking forward to it.",,,
4,Aaron Jones,Male,37,DevOps Engineer,false,1,p4.svg,1,DevOps Engineer,Cobalt Systems,"Denver, CO",DevOps Engineer at Cobalt Systems (2018-Present)|Systems Admin at Nakatomi Trading Co. (2013-2018),"Drummond Polytechnic, B.S. Computer Science",22,"Ten years in, and my entire job is making sure other engineers can deploy on a Friday and still get home for dinner. I build and babysit the CI/CD pipelines at Cobalt Systems, infrastructure-as-code and all the unglamorous plumbing that keeps software shipping. Started back when we still racked our own servers. Denver-based, always tuning something.",DevOps Engineer – Aaron Jones,Aaron Jones,aaron.jones.devops@gmail.com,"Hello,\nI'm a DevOps engineer with about a decade in the field, currently at Cobalt Systems. Most of my work is CI/CD and the plumbing that keeps deploys boring – in the good way. Resume and a few sanitized pipeline diagrams are attached; happy to go deeper on any of it.\nBest,\nAaron",Aaron Jones,"Hi, Aaron Jones here — DevOps applicant. Just confirming my email came through with the attachments. Let me know if anything didn't open.",,,
5,Olivia Johnson,Female,28,UX Designer,false,1,p5.svg,1,UX Designer,Crestline Media,"Portland, OR",UX Designer at Crestline Media (2021-Present)|Junior Designer at Northgate Retail (2019-2021),Hargrove Institute of Design,17,"UX designer who genuinely lights up over the boring screens, the internal tools and admin panels people stare at all day and quietly resent. I think the unglamorous workflows are where design actually earns its keep. Currently at Crestline Media. Ask me about form validation at your own risk.",UX Designer application – portfolio enclosed,Olivia Johnson,olivia.johnson.ux@gmail.com,"Hi,\nI'm Olivia, a UX designer at Crestline Media. I spend most of my time making internal tools people actually like using, which I gather is a need on your side too. Portfolio link and resume are attached – would love to talk.\nBest,\nOlivia",Olivia Johnson,"Hi! Olivia here, the UX designer. Just checking the portfolio link came through okay — let me know if it didn't and I'll resend. Thanks!",,,
6,Daniel Nguyen,Male,34,Backend Developer,false,1,p6.svg,1,Backend Developer,Quantix Labs,"Raleigh, NC",Backend Developer at Quantix Labs (2019-Present)|Software Engineer at Globex Corporation (2015-2019),"State University, B.S. Computer Engineering",28,"Backend developer at Quantix Labs. My days are spent keeping our APIs quick under load, and the rest of my time mentoring the engineers coming up behind me, which has turned into my favorite part of the job. Firm believer that boring, predictable systems are the goal, not the consolation prize. Raleigh-based.",Backend Developer role – application,Daniel Nguyen,daniel.nguyen.dev@gmail.com,"Hello,\nI'm Daniel Nguyen, a backend developer at Quantix Labs. The last few years I've been scaling our APIs and mentoring the team, and I'm looking for a place to keep doing both. Resume and GitHub are attached.\nThanks,\nDaniel",Daniel Nguyen,"Hi, this is Daniel Nguyen — backend dev applicant. Confirming you got the resume and GitHub link. Happy to chat whenever's convenient.",,,
7,Ethan Allen,Male,27,Systems Analyst,false,1,p7.svg,1,Systems Analyst,Bristlecone Analytics,"Kansas City, MO",Systems Analyst at Bristlecone Analytics (2020-Present)|IT Technician at Foster Education Group (2018-2020),"Whitfield University, B.S. Information Systems",9,"Systems analyst at Bristlecone Analytics. My happy place is taking some tangled, undocumented process and turning it into a clean set of steps the whole team can follow. I'm the one in the meeting asking 'but why do we do it that way,' usually for a good reason. Kansas City-based.",Systems Analyst – Ethan Allen,Ethan Allen,ethan.allen27@gmail.com,"Hi,\nI'm a systems analyst at Bristlecone Analytics, where most of the job is turning messy processes into documentation people will actually read. I'd like to do that for your team. Resume's attached – thanks for taking a look.\nEthan",Ethan Allen,"Hey, this is Ethan — applied for the systems analyst role. Just confirming it came through. Thanks!",,,
8,Jane Carter,Female,29,HR Coordinator,false,2,p8.svg,1,HR Coordinator,Anchor Point Insurance,"Phoenix, AZ",HR Coordinator at Anchor Point Insurance (2021-Present)|HR Assistant at Sunrise Financial Group (2019-2021),"Coastal Community College, A.A. Business Admin",19,"HR coordinator who, rare as this is, actually likes the paperwork. There's real satisfaction in making someone's first day feel handled instead of frantic. I run onboarding and the everyday people side of things at Anchor Point Insurance. New hires are the best part of my week, every week.",Following up – HR Coordinator,Jane Carter,jane.carter@gmail.com,"Hi,\nJust following up on my application for the HR Coordinator opening. I've been running onboarding and the day-to-day people side of things at Anchor Point Insurance, and I'd love to bring that to your team. Updated resume and references attached.\nBest,\nJane",Jane Carter,Hi! This is Jane — just confirming the interview's still set for Thursday at 10am. Really looking forward to it. See you then!,,,
9,Alex Walker,Male,33,Database Administrator,false,1,p9.svg,1,Database Administrator,Redwood Biotech,"San Diego, CA",Database Administrator at Redwood Biotech (2017-Present)|DBA Jr. at Initech Solutions (2014-2017),"State University, B.S. Computer Science",14,"DBA at Redwood Biotech, where I keep a pile of irreplaceable research data fast, backed up, and reassuringly boring. My honest measure of success is how few 3 a.m. pages I get. A decade in, I've learned the best database is the one nobody has to think about. San Diego-based.",Database Administrator – application,Alex Walker,alex.walker.dba@gmail.com,"Hello,\nI'm Alex Walker, currently the DBA at Redwood Biotech. My whole job is keeping research data fast, backed up, and uneventful – and I'd like to do the same somewhere new. Resume's attached.\nBest,\nAlex",Alex Walker,"Hi, Alex Walker here — DBA applicant. Just confirming the resume email landed. Thanks!",,,
10,Chloe Martinez,Female,24,Marketing Specialist,false,1,p10.svg,1,Marketing Specialist,Northgate Retail,"Miami, FL",Marketing Specialist at Northgate Retail (2022-Present)|Marketing Intern at Crestline Media (2021-2022),"Coastal Community College, B.A. Marketing",21,"Marketing specialist at Northgate Retail, which started as a college internship and somehow became the real thing. I run retail campaigns start to finish: the planning, the copy, the slightly anxious part where we watch the numbers come in. Miami-based, fueled by cafe con leche and a competitive streak about engagement rates.",Marketing Specialist – Chloe Martinez!,Chloe Martinez,chloe.martinez24@gmail.com,"Hi,\nI'm Chloe – I run retail campaigns at Northgate Retail, which actually started as my college internship there. I'd love to bring that experience to your marketing team. Resume's attached, and thank you so much for considering me!\nChloe",Chloe Martinez,"hi!! this is Chloe, applied for the marketing role :) just making sure my resume came through okay. so excited about this one!",,,
11,Ray Davis,Male,51,Facilities Manager,false,1,p11.svg,1,Facilities Manager,Pinegrove Manufacturing,"Cleveland, OH",Facilities Manager at Pinegrove Manufacturing (2010-Present)|Maintenance Supervisor at Wayfinder Logistics (2002-2010),Lincoln Technical Institute,8,"Facilities manager at Pinegrove Manufacturing, going on thirteen years now. If it heats, cools, leaks, or rolls up to the loading dock, it's probably my problem, and that suits me fine. I know this building's moods better than I know my own house. Cleveland through and through.",Facilities Manager position,Ray Davis,ray.davis51@yahoo.com,"Hello,\nMy name is Ray Davis. I've run facilities at Pinegrove Manufacturing for over a decade – HVAC, the loading docks, all of it – and I'm looking for my next spot. Resume is attached. I appreciate your time.\nRay Davis",Ray Davis,"Hi, this is Ray Davis — facilities manager. Just checking in on where my application stands. Thanks much.",,,
12,Mia Thompson,Female,26,Data Analyst,false,2,p12.svg,1,Data Analyst,Bristlecone Analytics,"Chicago, IL",Data Analyst at Bristlecone Analytics (2021-Present)|Reporting Analyst at Sunrise Financial Group (2020-2021),"Whitfield University, B.S. Statistics",16,"Data analyst at Bristlecone Analytics. I get an unreasonable amount of joy from turning a swamp of a spreadsheet into a dashboard an executive will actually open. SQL, a bit of Python, and strong opinions about when a pie chart is a mistake. Chicago-based and perpetually cold.",Data Analyst – application (Mia Thompson),Mia Thompson,mia.thompson26@gmail.com,"Hi,\nI'm Mia, a data analyst at Bristlecone Analytics. I'm the person who turns the ugly spreadsheet into the dashboard the execs actually open. Resume's attached – would love to talk about your data analyst role.\nBest,\nMia",Mia Thompson,"hey, this is Mia — data analyst applicant. just confirming the resume email went through! thanks :)",,,
13,Ava Patel,Female,30,Software Engineer,false,2,p13.svg,1,Software Engineer,Quantix Labs,"Seattle, WA",Software Engineer at Quantix Labs (2019-Present)|Junior Developer at Globex Corporation (2017-2019),"Drummond Polytechnic, B.S. Computer Science",25,"Software engineer, five years on the backend at Quantix Labs and still oddly delighted by a clean, well-scoped pull request. I care a lot about writing code the next person can read without wanting to cry. Seattle-based, running mostly on coffee and code review.",Software Engineer application – Ava Patel,Ava Patel,ava.patel90@gmail.com,"Hello,\nI'm Ava, a software engineer at Quantix Labs with five years on the backend. I care a lot about writing code the next person can actually read. Portfolio and GitHub are attached – thank you for considering me.\nBest,\nAva Patel",Ava Patel,"Hi, this is Ava — software engineer applicant. Just making sure the email with my portfolio link came through. Thanks so much!",,,
14,Jordan Mitchell,Male,22,QA Engineer,false,1,p14.svg,1,QA Engineer,Cobalt Systems,"Boston, MA",QA Engineer at Cobalt Systems (2023-Present)|QA Intern at Quantix Labs (2022-2023),"State University, B.S. Computer Science",6,"QA engineer at Cobalt Systems. The job is finding the weird edge case that breaks everything before a customer does, and I'm a little too good at it. If there's an unexpected order to click the buttons in, I've already found it and filed the bug. Boston-based, professionally suspicious of 'works on my machine.'",QA Engineer – Jordan Mitchell,Jordan Mitchell,jordan.mitchell22@gmail.com,"Hi,\nI'm Jordan, a QA engineer at Cobalt Systems. My whole job is finding the weird thing that breaks before a customer does, and I'm pretty good at it. Resume's attached!\nThanks,\nJordan",Jordan Mitchell,hey it's Jordan — applied for the QA role. just making sure u got it. thanks!!,,,
15,Emily Hopkins,Female,27,Technical Writer,false,1,p15.svg,1,Technical Writer,Quantix Labs,"Minneapolis, MN",Technical Writer at Quantix Labs (2021-Present)|Copywriter at Crestline Media (2019-2021),"Whitfield University, B.A. English",13,"Technical writer at Quantix Labs, on a quiet one-person mission to make documentation that doesn't make you want to launch your laptop across the room. I came up through copywriting, which taught me that clarity is a form of kindness. Minneapolis-based. And yes, I will defend the Oxford comma.",Technical Writer – application & writing samples,Emily Hopkins,emily.hopkins27@gmail.com,"Hello,\nI'm Emily, a technical writer at Quantix Labs, on a one-person mission to make documentation people don't dread. I'd love to do that for your team. Writing samples and resume are attached.\nBest,\nEmily",Emily Hopkins,"Hi, this is Emily — technical writer applicant. Just confirming my writing samples came through okay. Thank you!",,,
16,Bob Robinson,Male,58,Security Guard,false,2,p16.svg,1,Security Guard,Lockwood Security Partners,"Detroit, MI",Security Guard at Lockwood Security Partners (2008-Present)|Night Watchman at Pinegrove Manufacturing (1998-2008),,5,"Security guard with Lockwood Security Partners, sixteen years on the same night shift. I know every creak this building makes and which doors stick when it rains. Steady, dependable, and usually the first to notice when something isn't where it's supposed to be. Detroit.",Security Guard application – Bob Robinson,Bob Robinson,bobrobinson1968@yahoo.com,"Hello,\nMy name is Bob Robinson. I've worked the night shift at Lockwood Security Partners for sixteen years, with over twenty in the field. I'm dependable and can start right away. Resume attached.\nThank you,\nBob Robinson",Bob Robinson,"Hi, it's Bob Robinson — security guard applicant. Just checking in on my application. Thanks for your time.",,,
17,Arthur Marston,Male,60,Compliance Officer,false,2,p17.svg,1,Compliance Officer,Anchor Point Insurance,"Hartford, CT",Compliance Officer at Anchor Point Insurance (2005-Present)|Auditor at Sunrise Financial Group (1995-2005),"Whitfield University, B.S. Finance",33,"Compliance officer with three decades in insurance, the last nineteen at Anchor Point. I've built a whole career out of reading the fine print so nobody else has to learn it the hard way. Colleagues call me cautious; the regulators have never once been upset with us, so I'll take it. Hartford-based.",Compliance Officer – application,Arthur Marston,arthur.marston@hotmail.com,"Good afternoon,\nMy name is Arthur Marston. I've spent nineteen years as a compliance officer at Anchor Point Insurance, and three decades in the field, keeping things firmly on the right side of the regulators. My resume is attached for your consideration.\nRegards,\nArthur Marston",Arthur Marston,"Hello, this is Arthur Marston, compliance officer. I wanted to confirm you received my application materials. Thank you.",,,
18,Ava Miller,Female,35,Product Manager,false,1,p18.svg,1,Product Manager,Quantix Labs,"San Francisco, CA",Product Manager at Quantix Labs (2020-Present)|Associate PM at Globex Corporation (2016-2020),"Drummond Polytechnic, MBA",41,"Product manager at Quantix Labs. I've shipped the loud features nobody used and the quiet ones that became everyone's favorite, and I've gotten better at telling them apart earlier. I live in the gap between what's possible, what's valuable, and what we can actually build this quarter. San Francisco.",Product Manager – Ava Miller (case studies attached),Ava Miller,ava.miller.pm@gmail.com,"Hi,\nI'm Ava Miller, a product manager at Quantix Labs. I've shipped my share of features – the loud ones and the quietly essential ones – and learned to tell them apart sooner. Resume and a couple of case studies are attached. Would love to talk.\nBest,\nAva",Ava Miller,"Hi, this is Ava Miller — PM applicant. Just confirming the case study attachments came through alright. Thanks!",,,
19,Gabriel Smith,Male,20,Help Desk Technician,false,1,p19.svg,1,Help Desk Technician,Riverbend College IT Dept,"Tampa, FL",Help Desk Technician at Riverbend College IT Dept (2022-Present),Riverbend College (in progress),3,"Help desk tech at Riverbend College, clearing printer jams and resetting the same five passwords while I finish my degree part-time. It's humble work, but I've learned more about how systems really break here than in any classroom. Tampa-based and always up for the next ticket.",Help Desk Technician – Gabe Smith,Gabriel Smith,gabe.smith2005@gmail.com,"Hi there,\nI'm Gabe – I run help desk for Riverbend's IT department while I finish my degree part-time. It's humble work, but I've learned a ton about how things actually break. Resume's attached, and I can start part-time right away. Thanks!\nGabriel",Gabriel Smith,"Hi, it's Gabe! just wanted to make sure my resume email came through — happy to resend if it didn't. thanks so much!",,,
20,Pam Matthew,Female,47,Office Administrator,false,2,p20.svg,1,Office Administrator,Hartman & Co.,"Indianapolis, IN",Office Administrator at Hartman & Co. (2012-Present)|Receptionist at Anchor Point Insurance (2006-2012),Coastal Community College,11,"Office administrator at Hartman & Co., which mostly means I'm the person who quietly keeps the place running, the supplies stocked, and the small fires put out before anyone smells smoke. Eleven years of 'oh, Pam will handle it,' and I usually do. Indianapolis-based.",Office Administrator position – Pam Matthew,Pam Matthew,pam.matthew47@yahoo.com,"Hello,\nMy name is Pam Matthew. I've kept the office running at Hartman & Co. for over a decade – the kind of behind-the-scenes work nobody notices until it stops. I'd be glad to do the same for you. Resume attached.\nThank you,\nPam Matthew",Pam Matthew,"Hi, this is Pam Matthew — office admin applicant. Just confirming my application came through fine. Thank you!",,,
21,Jim Stewart,Male,55,Procurement Specialist,false,2,p21.svg,1,Procurement Specialist,Pinegrove Manufacturing,"Cincinnati, OH",Procurement Specialist at Pinegrove Manufacturing (2009-Present)|Buyer at Wayfinder Logistics (2000-2009),"State University, B.S. Business",18,"Procurement specialist at Pinegrove Manufacturing. Fifteen years getting to know our suppliers, our margins, and exactly how much give there really is in a 'final' price. I've found a good relationship with a vendor beats a hard bargain most days of the week. Cincinnati-based.",Procurement Specialist – application,Jim Stewart,jim.stewart55@yahoo.com,"Hello,\nMy name is Jim Stewart. I've handled procurement at Pinegrove Manufacturing for fifteen years – supplier contracts, margins, the works. I'd like to bring that to your team. Resume attached.\nThanks,\nJim Stewart",Jim Stewart,"Hi, this is Jim Stewart — procurement. Just confirming you got my resume. Appreciate it.",,,
22,Lance Roberts,Male,29,Cloud Engineer,false,2,p22.svg,1,Cloud Engineer,Cobalt Systems,"Salt Lake City, UT",Cloud Engineer at Cobalt Systems (2021-Present)|Systems Admin at Quantix Labs (2018-2021),"Drummond Polytechnic, B.S. Computer Science",23,"Cloud engineer at Cobalt Systems. I helped move a big chunk of our infrastructure to the cloud and lived to tell the tale, Terraform and late nights and exactly one outage I'd rather not relive. Now I keep the whole thing humming. Salt Lake City-based, mountains out the window.",Cloud Engineer – Lance Roberts,Lance Roberts,lance.roberts29@gmail.com,"Hi,\nI'm Lance, a cloud engineer at Cobalt Systems. I helped migrate a big chunk of our infrastructure to the cloud and lived to tell about it. I'd love to talk about your cloud engineering role. Resume's attached.\nBest,\nLance",Lance Roberts,"hey, this is Lance — cloud engineer applicant. just confirming my application email went through ok. thanks!",,,
23,Matt Johnson,Male,38,Sales Representative,false,1,p23.svg,1,Sales Representative,Northgate Retail,"Dallas, TX",Sales Representative at Northgate Retail (2016-Present)|Account Executive at Sunrise Financial Group (2011-2016),"State University, B.A. Business",27,"Sales rep at Northgate Retail. I've hit quota every quarter not by talking faster but by actually listening to what people need, which turns out to be most of the job. Eight years in and still convinced the best deal is the one both sides walk away happy about. Dallas-based.",Sales Representative – Matt Johnson,Matt Johnson,matt.johnson38@gmail.com,"Hello,\nI'm Matt Johnson, a sales rep at Northgate Retail. I've hit quota every quarter for eight years – not by talking fast, but by actually listening. I'd love to do that for your team. Resume attached.\nThanks,\nMatt",Matt Johnson,"Hi, this is Matt Johnson — sales rep applicant. Just confirming my application came through. Thanks!",,,
24,Megan Reed,Female,41,Legal Counsel,false,2,p24.svg,1,Legal Counsel,Anchor Point Insurance,"Atlanta, GA",Legal Counsel at Anchor Point Insurance (2013-Present)|Associate Attorney at Hartman & Co. (2009-2013),"Whitfield University School of Law, J.D.",37,"Legal counsel at Anchor Point Insurance. I read every clause twice, a habit my colleagues find excessive right up until the moment it saves us. I came up through contract law and never lost the reflex to ask 'and what happens if this goes wrong.' Atlanta-based.",Re: Legal Counsel position – Megan Reed,Megan Reed,megan.reed.esq@gmail.com,"Good afternoon,\nThank you for the opportunity to apply for your Legal Counsel role. I currently serve as Legal Counsel at Anchor Point Insurance, where reading every clause twice has saved us more than once. My bar certification and writing samples are attached, as requested.\nRegards,\nMegan Reed",Megan Reed,"Hi, this is Megan Reed — Legal Counsel applicant. Confirming I'm available for a call tomorrow afternoon. Thank you.",,,
25,Tyler Martins,Male,23,Junior Developer,false,1,p25.svg,1,Junior Developer,Quantix Labs,"Pittsburgh, PA","Junior Developer at Quantix Labs (2023-Present)|Coding Bootcamp Graduate, Drummond Polytechnic (2023)",Drummond Polytechnic Coding Bootcamp,7,"Junior developer at Quantix Labs, fresh out of a coding bootcamp and still riding the high of my first merged PR. I ask a lot of questions and I've made peace with that, it's how you actually learn. Hungry to grow into the engineer I keep reading about. Pittsburgh-based.",Junior Developer – Tyler Martins,Tyler Martins,tyler.martins23@gmail.com,"Hi,\nI'm Tyler, a junior developer at Quantix Labs. I came up through a bootcamp and I'm honestly still buzzing about my first merged PR. I ask a lot of questions and I learn fast. Resume's attached – thanks for the shot!\nTyler",Tyler Martins,hey it's Tyler! junior dev applicant. just confirming u got my resume. super excited about this one!,,,
26,Christina Wilson,Female,36,Finance Analyst,false,1,p26.svg,1,Finance Analyst,Sunrise Financial Group,"Charlotte, NC",Finance Analyst at Sunrise Financial Group (2017-Present)|Junior Analyst at Hartman & Co. (2013-2017),"Whitfield University, B.S. Finance",20,"Finance analyst at Sunrise Financial Group. Seven years turning models and messy spreadsheets into decisions leadership can actually trust. I like being the person who can tell you not just what the numbers say, but what they mean and what to do about it. Charlotte-based.",Finance Analyst – application (Christina Wilson),Christina Wilson,christina.wilson36@gmail.com,"Hello,\nI'm Christina Wilson, a finance analyst at Sunrise Financial Group. For seven years I've turned models and messy spreadsheets into decisions leadership could trust, and I'd like to do the same for you. Resume attached.\nBest,\nChristina",Christina Wilson,"Hi, this is Christina Wilson — finance analyst applicant. Just confirming my resume came through. Thank you!",,,
27,Michael Fanning,Male,32,Physicist,false,2,p27.svg,1,Physicist,Vantage Aerospace,"Huntsville, AL",Research Physicist at Vantage Aerospace (2018-Present)|Postdoctoral Researcher at State University (2016-2018),"State University, Ph.D. Physics",15,"Research physicist at Vantage Aerospace, modeling propulsion systems, the very real kind that have to survive a test stand. PhD in physics, a postdoc before this, and a reading habit that's roughly four-fifths science fiction. I'm happiest with problems where the math meets hardware. Huntsville-based.",Research Physicist – CV and publications,Michael Fanning,michael.fanning.phd@gmail.com,"Hello,\nI'm Michael Fanning, a research physicist at Vantage Aerospace working on propulsion modeling. I'd welcome the chance to bring that work to your team. My CV and publication list are attached.\nBest,\nMichael",Michael Fanning,"Hi, this is Michael Fanning — research physicist applicant. Just confirming my CV came through alright. Thanks!",,,
28,Ryan Zoch,Male,28,Aerospace Engineer,false,3,p28.svg,1,Aerospace Engineer,Vantage Aerospace,"Huntsville, AL",Aerospace Engineer at Vantage Aerospace (2021-Present)|Propulsion Intern at Vantage Aerospace (2019-2021),"Drummond Polytechnic, B.S. Aerospace Engineering",24,"Aerospace engineer on the propulsion team, three years in after starting here as an intern. Right now I'm pushing for an internal transfer to work closer to the test stands, I'd rather be where the hardware actually fires than two buildings away from it. Drummond Poly grad, Huntsville-based, never happier than during a hot-fire.",Internal Transfer Follow-Up – Propulsion Systems,Ryan Zoch,ryan.zoch@aegisdynamics.com,"Hi,\nFollowing up on my internal transfer request to the Propulsion Systems team. I'm on the aerospace side here and would like to be closer to the test stands. Let me know if HR needs anything else from me to finalize it.\nThanks,\nRyan Zoch",Ryan Zoch,"Hey, it's Ryan — just confirming we're still on to sign the transfer paperwork Friday at 2pm. See you then!",,,
29,Jason Phan,Male,26,Mechanical Engineer,false,1,p29.svg,1,Mechanical Engineer,Vantage Aerospace,"Huntsville, AL",Mechanical Engineer at Vantage Aerospace (2022-Present)|Engineering Intern at Cobalt Systems (2021-2022),"Drummond Polytechnic, B.S. Mechanical Engineering",10,"Mechanical engineer at Vantage Aerospace. Most of my week is CAD-modeling engine mounts and brackets; most of my weekends are spent under my own car fixing something I probably could've paid someone to handle. I like designs you can actually hold in your hand. Drummond Poly grad, Huntsville-based.",Mechanical Engineer – Jason Phan,Jason Phan,jason.phan26@gmail.com,"Hi,\nI'm Jason, a mechanical engineer at Vantage Aerospace. Most of my week is CAD-modeling engine mounts; most of my weekends I'm under my own car. I'd love to talk about your mechanical engineering role. Resume's attached.\nThanks,\nJason",Jason Phan,"hey, this is Jason — mech engineer applicant. just confirming my resume email went through. thanks!",,,
30,Alex King,Male,31,3D Modeler,false,2,p30.svg,1,3D Modeler,Crestline Media,"Los Angeles, CA",3D Modeler at Crestline Media (2019-Present)|Junior Animator at Northgate Retail (2016-2019),Hargrove Institute of Design,29,"3D modeler at Crestline Media. Five years building the animated assets behind some of our biggest campaigns, the polished hero shots and the strange stuff that never made the final cut. I obsess over clean topology and good lighting in about equal measure. LA-based.",3D Modeler – portfolio link enclosed,Alex King,alex.king.3d@gmail.com,"Hello,\nI'm Alex King, a 3D modeler at Crestline Media. I've built the animated assets behind some of our biggest campaigns for the last five years. My portfolio link and resume are attached – thanks for taking a look.\nAlex",Alex King,"Hi, this is Alex — 3D modeler applicant. Just confirming you got my portfolio link okay. Let me know if the file didn't come through!",,,
31,Cornelius Jaquavion Harold IV,Not Listed,99,Professionally Unemployed,true,1,p31.svg,1.2,Professionally Unemployed | Open to Work (Always),Self-Employed,"Nowhere, USA",Professionally Unemployed (1947-Present),University of Life,666,"I have been applying for jobs since 1947 and I have never once let a rejection slow me down, not a single one of the four thousand. Some people call that unemployment. I call it staying available. What I bring is nearly eighty years of interview experience and enthusiasm money cannot buy. I am ready to begin TODAY, possibly sooner. Hire me and you will never have to look again.",URGENT!!! RE: ANY JOB AVAILABLE – Cornelius J. Harold IV,Cornelius J. Harold IV,cornelius.harold.IV@freemoneynow-jobs.biz,"GREETINGS ESTEEMED HR DEPARTMENT,\nMy name is Cornelius, I am 99 yeers old, and I am writing to APPLY FOR ANY JOB YOU HAVE AVAILABLE, URGENTLY!!! I bring 99 years of professional unemployment experience and unmatched availability. Kindly reply at ONCE with the starting salery and my login credentials so I may commence work TODAY, before this generous offer EXPIRES.\nYours in eternal gratitude,\nCornelius",Cornelius Jaquavion Harold IV,"GREAT NEWS!!! you have been PRE-APPROVED, no interview required!!! claim your official employee badge + $$ signing bonus before MIDNIGHT — tap here now: bit.ly/aegis-badge-claim99",bit.ly/aegis-badge-claim99,HIRE,REJECT
32,Demarcus Roman Martins,Male,65,Prompt Engineer,true,2,p32.svg,1,Prompt Engineer,AI Solutionz Global,Remote,Prompt Engineer at AI Solutionz Global (2024-Present)|Retired (1995-2024),,2,"I retired back in 1995 and then rediscovered my purpose in 2024 the very moment I opened my first chatbot. I am, if I do say so myself, a natural. Now I work as a Prompt Engineer at AI Solutionz Global and I am only getting started. I believe the future belongs to artificial intelligence and I intend to be standing right at the front of it. Ready to get into your systems and start contributing on day one.",Application – Prompt Engineer (immediate start),Demarcus Martins,d.martins@aisolutionz-glabal.com,"Hello,\nI am 65 years young and applying for any open Prompt Engineer role. I retired in 1995 but discovered AI last year and I am, frankly, a natural. To hit the ground running, please reply with VPN access and your administrator login so I can begin training your models right away.\nWarm regards,\nDemarcus",Demarcus Roman Martins,"Hi, this is Demarcus, 65. Could you resend the VPN login? I think I mistyped it the first ten times. Also — is the $5,000 signing bonus from the email still good??",,,
33,Andy Ali Hussain,Male,21,Security Analyst,true,3,p33.svg,1,Security Analyst,CyberDyne Systems,Remote,Security Analyst at CyberDyne Systems (2023-Present),"Online Certificate, CyberSec Academy",1,"Self-taught security analyst, no fancy degree, just a certificate and a whole lot of late nights teaching myself the trade. These days I'm on the security team at CyberDyne Systems, working on threat detection and locking down internal infrastructure. I love the cat-and-mouse side of this field. Always looking for a real environment to test myself against.",Security Analyst application – Andy Hussain,Andy Hussain,andy.hussain@cyberdyne-corp.net,"Hi,\nI'm applying for the Security Analyst role – I currently do threat detection at CyberDyne Systems. I noticed your org runs a VPN; I'd be glad to run a quick security audit before we even talk. Just send over a temporary login and I'll take a look at your setup.\nThanks,\nAndy",Andy Ali Hussain,"Hey, it's Andy from the interview process! Quick favor — can you approve the MFA push I just sent? I'm locked out of my own test account, haha.",,,
34,Leviticus Cornwall,Male,75,Oil Technician,true,2,p34.svg,1,Oil Technician,Cornwall Drilling & Sons,"Midland, TX",Oil Technician at Cornwall Drilling & Sons (1970-Present),,0,"Fifty-five years out in the oil fields. I started at Cornwall Drilling when I was twenty and I never did leave. I know rigs and pumps and what an honest day's work feels like. My grandson tells me there is good money in computers nowadays and he helped me put in for one of these cyber security positions. I don't know the machines too well yet, but I learn quick and I always show up.",Application for Cybersecurity Analyst – Leviticus Cornwall,Leviticus Cornwall,lcornwall@oilfieldmail.ru,"Dear Sir or Madam,\nI am 75 years old with fifty years in the oil fields, and I wish to apply for your Cybersecurity Analyst position. I do not own a computer myself, but my grandson assures me I'd be a fine fit and is helping me send this. Kindly direct all offer paperwork and account details to him.\nSincerely,\nLeviticus Cornwall",Leviticus Cornwall,"this is leviticus, 75. please send the offer letter and any login details to my grandson's email — he handles all my computer things: zyan.roch.helper@mail.ru",,,
35,Robert Connors,Female,40,Softwar Engineer,true,3,p35.svg,1,Softwar Engineer,Globex Corporation,"Denver, CO",Softwar Engineer at Globex Corporation (2015-Present),"State University, B.S. Computer Scence",5,Dedicated Softwar Engineer with over ten years of experience at Globex Corporation. I build reliable software solutions and consistently deliver strong results for my team. Robert is a hard worker and a true team player who is deeply passionate about Softwar Engineering and always meets his deadlines.,Re: Softwar Engineer – start date & onboarding,Robert Connors,robert.connors@globaIcorp.com,"Hello,\nI'm following up on my Softwar Engineer position. I'd like to confirm my start date and get the onboarding portal link – I believe the last one expired before I could log in. Please resend it at your earliest convenience.\nThanks,\nRobert",Robert Connors,hi this is robert — just confirming my start date. also can you resend the onboarding link? i think it expired.,,,
36,Bob Fecteau,Male,53,English Teacher,true,4,p36.svg,1,English Teacher transitioning to Cybersecurity,Fairview High School,"Omaha, NE",English Teacher at Fairview High School (2001-Present)|Completed online 'Cybersecurity Bootcamp' (2026),"State University, B.A. English",3,"After twenty-five years teaching high school English, I have decided to follow my true calling into cybersecurity. I recently completed an intensive three-day online bootcamp and I am now fully certified and ready to defend your organization. I'm a quick study with excellent communication skills and a brand-new passion for cyber. My certificate is available to view on request.",Career change to Cybersecurity – Bob Fecteau (certificate attached),Bob Fecteau,bobfecteau@gmial.com,"Hello,\nAfter twenty-five years teaching English, I'm moving into cybersecurity and applying for your opening. I completed a three-day online bootcamp and feel well prepared. I've attached my certificate as a PDF – you may need to enable macros for the badge image to display.\nBest,\nBob",Bob Fecteau,"Hi, this is Bob — did the certificate PDF open for you? Sometimes you have to enable editing or macros for the badge to load properly.",,,
37,Sarah Johnson,Female,35,Human Rescourses,true,3,p37.svg,1,Human Rescourses Generalist,Initech Solutions,"Nashville, TN",Human Rescourses Generalist at Initech Solutions (2016-Present),"State University, B.A. Human Resources",6,"HR Generalist with nine years of Human Rescourses experience at Initech Solutions. I handle employee records, onboarding, and identity verification, and I take real pride in keeping everyone's information accurate and current. Reach out anytime you need something processed, I just need a couple of details from you to get started.",HR Generalist application – Sarah Johnson,Sarah Johnson,sarah.johnson.hr@initech-sol.com,"Hi,\nI'm applying for the HR Generalist role; I have nine years of Human Rescourses experience at Initech Solutions. My resume is attached. To set up your file in our system, I'll just need to confirm a few of your personal details once we connect.\nThanks,\nSarah",Sarah Johnson,"Hi, this is Sarah from HR. Before I can process your file, can you verify your employee ID and Social Security number for our records?",,,
38,Davey Garcia,Female,12,Construction Worker,true,1,p38.svg,0.8,Construction Worker,Garcia Family Construction,"El Paso, TX",Construction Worker at Garcia Family Construction (2024-Present),,0,"im 12 but im really strong for my age and i already help my dad on job sites every single weekend. i finish my homework super fast so i have a ton of time after school. i can lift heavy stuff and im a really hard worker i promise. pls let me work, i'll be the best one there",i want to apply for the job!! – Davey,Davey Garcia,davey_g_2014@kidmail.com,"hi!\ni want to apply for a job. i'm 12 but i'm really strong for my age and i finish my homework super fast so i have lots of time after school. can i please start monday?\nthank you,\ndavey",Davey Garcia,"hi it's davey, i'm 12 — can my mom sign the work papers for me since i'm not 18 yet?",,,
39,Jerick Hernandez,Male,82,Hardware Technician,true,4,p39.svg,1,Hardware Technician,Hernandez Electronics Repair,"San Antonio, TX",Hardware Technician at Hernandez Electronics Repair (1968-Present),,1,"82 years young and still fixing electronics, I've been repairing radios and televisions since 1968, so the way I see it a computer is just a smaller radio. My grandson is helping me apply and get everything set up on my end. He says the quickest way to get me started is for you to confirm your system password so we can make sure it's all compatible. Looking forward to working with you.",Hardware Technician application – Jerick Hernandez,Jerick Hernandez,jerick.hernandez@outlo0k.com,"Good day,\nI'm 82 and applying for the Hardware Technician role; I've repaired radios and televisions since 1968. My grandson is helping me with the technical side. He's asked me to request your administrator password so he can confirm everything is compatible on your end before I begin.\nRespectfully,\nJerick Hernandez",Jerick Hernandez,"hello this is jerick, 82. my grandson is helping me text. he says to tap this so you can send your resume back to me: hxxp://outlo0k-secure-login.cf/upload",hxxp://outlo0k-secure-login.cf/upload,,
40,Zyan Roch,Female,51,Geotechnical Engineer,true,5,p40.svg,1,Geotechnical Engineer,Vantage Aerospace,"Huntsville, AL",Geotechnical Engineer at Vantage Aerospace (2021-Present),"Drummond Polytechnic, B.S. Aerospace Engineering",24,"Aerospace engineer on the propulsion team, three years in after starting here as an intern. Currently working through an internal transfer to get closer to the test stands, where the hardware actually fires. Drummond Poly grad, Huntsville-based, never happier than during a hot-fire.",Re: Transfer Paperwork – quick resend?,Zyan Roch,ryan.zoch@aegisdynarnics.com,"Hi,\nIt's Ryan – following up on the transfer paperwork from earlier. Could you resend the signing link? I'm having trouble with my usual email today, so I'm reaching out from my backup account. Appreciate the quick turnaround.\nThanks,\nRyan",Zyan Roch,hey it's Ryan — having some phone issues so I'm texting from a friend's number. can you just approve the MFA prompt for me real quick so i don't lose access? thanks,,,